﻿{"gpos":[{"Properties":{"highvalue":false,"domain":"EGOTISTICAL-BANK.LOCAL","description":null,"gpcpath":"\\\\EGOTISTICAL-BANK.LOCAL\\sysvol\\EGOTISTICAL-BANK.LOCAL\\Policies\\{31B2F340-016D-11D2-945F-00C04FB984F9}"},"Name":"DEFAULT DOMAIN POLICY@EGOTISTICAL-BANK.LOCAL","Guid":"31B2F340-016D-11D2-945F-00C04FB984F9","Aces":[{"PrincipalName":"DOMAIN ADMINS@EGOTISTICAL-BANK.LOCAL","PrincipalType":"group","RightName":"Owner","AceType":""},{"PrincipalName":"DOMAIN ADMINS@EGOTISTICAL-BANK.LOCAL","PrincipalType":"group","RightName":"WriteDacl","AceType":""},{"PrincipalName":"DOMAIN ADMINS@EGOTISTICAL-BANK.LOCAL","PrincipalType":"group","RightName":"WriteOwner","AceType":""},{"PrincipalName":"ENTERPRISE ADMINS@EGOTISTICAL-BANK.LOCAL","PrincipalType":"group","RightName":"WriteDacl","AceType":""},{"PrincipalName":"ENTERPRISE ADMINS@EGOTISTICAL-BANK.LOCAL","PrincipalType":"group","RightName":"WriteOwner","AceType":""}]},{"Properties":{"highvalue":false,"domain":"EGOTISTICAL-BANK.LOCAL","description":null,"gpcpath":"\\\\EGOTISTICAL-BANK.LOCAL\\sysvol\\EGOTISTICAL-BANK.LOCAL\\Policies\\{6AC1786C-016F-11D2-945F-00C04fB984F9}"},"Name":"DEFAULT DOMAIN CONTROLLERS POLICY@EGOTISTICAL-BANK.LOCAL","Guid":"6AC1786C-016F-11D2-945F-00C04fB984F9","Aces":[{"PrincipalName":"DOMAIN ADMINS@EGOTISTICAL-BANK.LOCAL","PrincipalType":"group","RightName":"Owner","AceType":""},{"PrincipalName":"DOMAIN ADMINS@EGOTISTICAL-BANK.LOCAL","PrincipalType":"group","RightName":"WriteDacl","AceType":""},{"PrincipalName":"DOMAIN ADMINS@EGOTISTICAL-BANK.LOCAL","PrincipalType":"group","RightName":"WriteOwner","AceType":""},{"PrincipalName":"ENTERPRISE ADMINS@EGOTISTICAL-BANK.LOCAL","PrincipalType":"group","RightName":"WriteDacl","AceType":""},{"PrincipalName":"ENTERPRISE ADMINS@EGOTISTICAL-BANK.LOCAL","PrincipalType":"group","RightName":"WriteOwner","AceType":""}]},{"Properties":{"highvalue":false,"domain":"EGOTISTICAL-BANK.LOCAL","description":null,"gpcpath":"\\\\EGOTISTICAL-BANK.LOCAL\\SysVol\\EGOTISTICAL-BANK.LOCAL\\Policies\\{2619FB25-7519-4AEA-9C1E-348725EF2858}"},"Name":"BLOCK DOWNLOADS TO POWERSHELL@EGOTISTICAL-BANK.LOCAL","Guid":"2619FB25-7519-4AEA-9C1E-348725EF2858","Aces":[{"PrincipalName":"DOMAIN ADMINS@EGOTISTICAL-BANK.LOCAL","PrincipalType":"group","RightName":"Owner","AceType":""},{"PrincipalName":"DOMAIN ADMINS@EGOTISTICAL-BANK.LOCAL","PrincipalType":"group","RightName":"WriteDacl","AceType":""},{"PrincipalName":"DOMAIN ADMINS@EGOTISTICAL-BANK.LOCAL","PrincipalType":"group","RightName":"WriteOwner","AceType":""},{"PrincipalName":"ENTERPRISE ADMINS@EGOTISTICAL-BANK.LOCAL","PrincipalType":"group","RightName":"WriteDacl","AceType":""},{"PrincipalName":"ENTERPRISE ADMINS@EGOTISTICAL-BANK.LOCAL","PrincipalType":"group","RightName":"WriteOwner","AceType":""}]}],"meta":{"count":3,"type":"gpos"}}